{"input_size": 50, "class_to_item": {"1": 1, "2": 6, "3": 7, "4": 11, "5": 13, "6": 14, "7": 16, "8": 20, "9": 25, "10": 28, "11": 29, "12": 30, "13": 31, "14": 32, "15": 34, "16": 36, "17": 37, "18": 38, "19": 39, "20": 40, "21": 42, "22": 48, "23": 63, "24": 73, "25": 75, "26": 90, "27": 96, "28": 98, "29": 102, "30": 108, "31": 110, "32": 112, "33": 114, "34": 116, "35": 139, "36": 143, "37": 147, "38": 152, "39": 154, "40": 160, "41": 162, "42": 168, "43": 170, "44": 174, "45": 185, "46": 190, "47": 206, "48": 208, "49": 216, "50": 225, "51": 236, "52": 237, "53": 244, "54": 249, "55": 250, "56": 252, "57": 254, "58": 259, "59": 261, "60": 263, "61": 277, "62": 603, "63": 939, "64": 1097, "65": 1123, "66": 1575, "0": 0}, "feature_means": [-5.324071405965469e-09, 1.5972213773807198e-08, 1.0648142811930938e-08, -3.7268499397669075e-08, -3.1944427547614396e-08, -2.2627304474553966e-08, 1.0648142811930938e-08, -2.6620357029827346e-09, -3.7268499397669075e-08, -2.329281301172159e-08, -3.4606465248998575e-08, 4.2592571247723754e-08, 1.844790745053615e-06, 1.012239067677001e-06, 6.561918439729197e-07, 2.635415512486361e-07, 5.164349659025902e-07, -1.0488421366972034e-06, -9.130782814281702e-07, -7.986107561919198e-07, -5.743341944253189e-07, 2.994790193611152e-08, -3.0613410473279146e-08, -7.986106886903599e-09, -5.324071405965469e-09, 9.317124849417269e-09, 2.1296285623861877e-08, 1.5972213773807198e-08, 1.1979160774444608e-08, -2.861688486177627e-08, 1.3310178736958278e-08, 2.6620357473916556e-08, 2.1296285623861877e-08, -2.6620357029827346e-09, 1.0648142811930938e-08, 0.0, -1.9965267217258997e-09, -5.324071405965469e-09, 1.0648142811930938e-08, -1.8634249698834537e-08, 1.3310178514913673e-09, -1.4807573833763854e-08, 2.595484893674893e-08, -2.6620357473916556e-08, 1.2644670199790653e-08, 4.392359187477268e-08, 1.3310178736958278e-08, -2.1296285623861877e-08, -1.3310178736958278e-08, 0.0], "feature_stds": [1.0, 1.0, 0.9999998807907104, 1.0, 1.0, 1.0, 0.9999999403953552, 1.0, 0.9999998807907104, 1.0, 1.0, 1.0, 0.9999996423721313, 0.9999996423721313, 0.9999997615814209, 0.9999997615814209, 0.9999997019767761, 0.9999996423721313, 0.9999996423721313, 0.9999996423721313, 0.9999996423721313, 1.0, 0.9999998807907104, 0.9999998807907104, 1.0, 1.0, 0.9999998807907104, 0.9999998211860657, 0.9999998807907104, 1.0, 0.9999998807907104, 1.0, 0.9999998807907104, 0.9999998807907104, 0.9999998211860657, 0.0, 1.0, 0.9999998807907104, 1.0, 0.9999999403953552, 1.0, 1.0, 0.9999998807907104, 1.0, 0.9999998807907104, 0.9999998211860657, 0.9999998807907104, 1.0, 0.9999998211860657, 0.0]}